region,crop_category,year,sown_acres,harvested_acres,production_tons,measurement_type
Mandalay,Coffee,2019-20,5845,2385,541,
Mandalay,Coffee,2020-21,5866,2386,543,
Mandalay,Coffee,2021-22,5866,2387,541,
Mandalay,Coffee,2022-23,10741,2387,560,
Mandalay,Coffee,2023-24,10953,2404,565,
Mandalay,Coffee,2024-25,10981,2509,589,
Mandalay,Fruits,2019-20,76258,53069,0,
Mandalay,Fruits,2020-21,76987,54280,0,
Mandalay,Fruits,2021-22,78867,53876,0,
Mandalay,Fruits,2022-23,82129,67285,0,
Mandalay,Fruits,2023-24,82815,63267,0,
Mandalay,Fruits,2024-25,82992,54792,0,
Mandalay,Plantain,2019-20,9861,9634,10335,
Mandalay,Plantain,2020-21,10316,9726,10433,
Mandalay,Plantain,2021-22,10478,9449,10374,
Mandalay,Plantain,2022-23,12269,10438,11365,
Mandalay,Plantain,2023-24,12907,12363,13035,
Mandalay,Plantain,2024-25,13230,12835,13551,
Mandalay,Potato,2019-20,2072,2072,8431,
Mandalay,Potato,2020-21,1756,1756,7399,
Mandalay,Potato,2021-22,2083,2083,8482,
Mandalay,Potato,2022-23,2071,2071,8428,
Mandalay,Potato,2023-24,2110,2110,8580,
Mandalay,Potato,2024-25,2123,2123,8602,
Mandalay,Sugarcane,2019-20,30563,30563,751482,
Mandalay,Sugarcane,2020-21,26525,26525,658887,
Mandalay,Sugarcane,2021-22,30506,30506,732452,
Mandalay,Sugarcane,2022-23,21325,21325,544819,
Mandalay,Sugarcane,2023-24,22022,22022,539360,
Mandalay,Sugarcane,2024-25,19954,19954,500034,
Mandalay,Tea,2019-20,17519,16905,8767,
Mandalay,Tea,2020-21,17519,16908,8777,
Mandalay,Tea,2021-22,17520,16911,8777,
Mandalay,Tea,2022-23,17520,16913,8779,
Mandalay,Tea,2023-24,17524,17300,8781,
Mandalay,Tea,2024-25,17524,16955,8798,
Mandalay,Toddy_Palm,2019-20,22268,21875,122462,
Mandalay,Toddy_Palm,2020-21,22265,21134,105135,
Mandalay,Toddy_Palm,2021-22,22265,21134,103543,
Mandalay,Toddy_Palm,2022-23,22265,21134,92006,
Mandalay,Toddy_Palm,2023-24,22265,20268,105646,
Mandalay,Toddy_Palm,2024-25,22265,13618,63644,
Mandalay,Vegetables,2019-20,133288,133288,0,
Mandalay,Vegetables,2020-21,130304,130034,0,
Mandalay,Vegetables,2021-22,133767,133767,0,
Mandalay,Vegetables,2022-23,127170,127168,0,
Mandalay,Vegetables,2023-24,127021,127021,0,
Mandalay,Vegetables,2024-25,127173,126376,0,
Bago,Coffee,2020-21,111,70,17,
Bago,Coffee,2021-22,66,25,8,
Bago,Coffee,2022-23,123,7,2,
Bago,Coffee,2023-24,185,7,2,
Bago,Coffee,2024-25,954,7,2,
Bago,Fruits,2020-21,202145,189767,0,
Bago,Fruits,2021-22,201250,187262,0,
Bago,Fruits,2022-23,202729,187485,0,
Bago,Fruits,2023-24,202907,189292,0,
Bago,Fruits,2024-25,228897,197679,0,
Bago,Plantain,2020-21,14938,14938,25696,
Bago,Plantain,2021-22,14998,14998,25770,
Bago,Plantain,2022-23,16013,15983,27850,
Bago,Plantain,2023-24,16071,16041,25529,
Bago,Plantain,2024-25,16072,16071,24911,
Bago,Potato,2020-21,100,100,507,
Bago,Potato,2021-22,49,49,237,
Bago,Potato,2022-23,27,27,120,
Bago,Potato,2023-24,27,27,120,
Bago,Potato,2024-25,27,27,120,
Bago,Sugarcane,2020-21,53781,53781,1413587,
Bago,Sugarcane,2021-22,48293,48293,1291498,
Bago,Sugarcane,2022-23,49524,49524,1332806,
Bago,Sugarcane,2023-24,52952,52952,1809446,
Bago,Sugarcane,2024-25,54257,54257,1873586,
Bago,Tea,2020-21,0,0,17,
Bago,Tea,2021-22,0,0,8,
Bago,Tea,2022-23,0,0,2,
Bago,Tea,2023-24,0,0,2,
Bago,Tea,2024-25,0,0,2,
Bago,Toddy_Palm,2020-21,878,878,3072,
Bago,Toddy_Palm,2021-22,869,869,1921,
Bago,Toddy_Palm,2022-23,815,815,2379,
Bago,Toddy_Palm,2023-24,815,815,2380,
Bago,Toddy_Palm,2024-25,815,802,2200,
Bago,Vegetables,2020-21,127517,127448,0,
Bago,Vegetables,2021-22,125954,125954,0,
Bago,Vegetables,2022-23,120515,120515,0,
Bago,Vegetables,2023-24,224295,224295,0,
Bago,Vegetables,2024-25,284665,282796,0,
Shan,Tea,2019-20,201599,187935,0,Sown
Shan,Tea,2019-20,187935,187935,0,Harvested
Shan,Tea,2019-20,113114,113114,113114,Production
Shan,Coffee,2019-20,27499,17474,0,Sown
Shan,Coffee,2019-20,17474,17474,0,Harvested
Shan,Coffee,2019-20,5279,5279,5279,Production
Shan,Sugarcane,2019-20,153076,153076,4199835,Sown
Shan,Sugarcane,2019-20,153076,153076,4199835,Harvested
Shan,Sugarcane,2019-20,4199835,4199835,4199835,Production
Shan,Toddy_Palm,2019-20,0,0,0,Sown
Shan,Toddy_Palm,2019-20,0,0,0,Harvested
Shan,Toddy_Palm,2019-20,0,0,0,Production
Shan,Potato,2019-20,52586,52586,352977,Sown
Shan,Potato,2019-20,52586,52586,352977,Harvested
Shan,Potato,2019-20,352977,352977,352977,Production
Shan,Plantain,2019-20,22989,22760,16370,Sown
Shan,Plantain,2019-20,22760,22760,16370,Harvested
Shan,Plantain,2019-20,16370,16370,16370,Production
Shan,Vegetables,2019-20,204086,204082,0,Sown
Shan,Vegetables,2019-20,204082,204082,0,Harvested
Shan,Vegetables,2019-20,0,0,0,Production
Shan,Fruits,2019-20,99534,78745,0,Sown
Shan,Fruits,2019-20,78745,78745,0,Harvested
Shan,Fruits,2019-20,0,0,0,Production
Shan,Tea,2020-21,202378,188727,0,Sown
Shan,Tea,2020-21,188727,188727,0,Harvested
Shan,Tea,2020-21,92664,92664,92664,Production
Shan,Coffee,2020-21,27537,17414,0,Sown
Shan,Coffee,2020-21,17414,17414,0,Harvested
Shan,Coffee,2020-21,5347,5347,5347,Production
Shan,Sugarcane,2020-21,156170,156170,4287923,Sown
Shan,Sugarcane,2020-21,156170,156170,4287923,Harvested
Shan,Sugarcane,2020-21,4287923,4287923,4287923,Production
Shan,Toddy_Palm,2020-21,0,0,0,Sown
Shan,Toddy_Palm,2020-21,0,0,0,Harvested
Shan,Toddy_Palm,2020-21,0,0,0,Production
Shan,Potato,2020-21,51296,51296,342810,Sown
Shan,Potato,2020-21,51296,51296,342810,Harvested
Shan,Potato,2020-21,342810,342810,342810,Production
Shan,Plantain,2020-21,19742,18885,13629,Sown
Shan,Plantain,2020-21,18885,18885,13629,Harvested
Shan,Plantain,2020-21,13629,13629,13629,Production
Shan,Vegetables,2020-21,202601,202592,0,Sown
Shan,Vegetables,2020-21,202592,202592,0,Harvested
Shan,Vegetables,2020-21,0,0,0,Production
Shan,Fruits,2020-21,102310,78762,0,Sown
Shan,Fruits,2020-21,78762,78762,0,Harvested
Shan,Fruits,2020-21,0,0,0,Production
Shan,Tea,2021-22,203536,190696,0,Sown
Shan,Tea,2021-22,190696,190696,0,Harvested
Shan,Tea,2021-22,79613,79613,79613,Production
Shan,Coffee,2021-22,27101,17167,0,Sown
Shan,Coffee,2021-22,17167,17167,0,Harvested
Shan,Coffee,2021-22,5394,5394,5394,Production
Shan,Sugarcane,2021-22,158450,158450,4343822,Sown
Shan,Sugarcane,2021-22,158450,158450,4343822,Harvested
Shan,Sugarcane,2021-22,4343822,4343822,4343822,Production
Shan,Toddy_Palm,2021-22,0,0,0,Sown
Shan,Toddy_Palm,2021-22,0,0,0,Harvested
Shan,Toddy_Palm,2021-22,0,0,0,Production
Shan,Potato,2021-22,50374,50374,333080,Sown
Shan,Potato,2021-22,50374,50374,333080,Harvested
Shan,Potato,2021-22,333080,333080,333080,Production
Shan,Plantain,2021-22,19475,19279,13558,Sown
Shan,Plantain,2021-22,19279,19279,13558,Harvested
Shan,Plantain,2021-22,13558,13558,13558,Production
Shan,Vegetables,2021-22,204615,204609,0,Sown
Shan,Vegetables,2021-22,204609,204609,0,Harvested
Shan,Vegetables,2021-22,0,0,0,Production
Shan,Fruits,2021-22,99924,77836,0,Sown
Shan,Fruits,2021-22,77836,77836,0,Harvested
Shan,Fruits,2021-22,0,0,0,Production
Shan,Tea,2022-23,205119,192870,0,Sown
Shan,Tea,2022-23,192870,192870,0,Harvested
Shan,Tea,2022-23,88595,88595,88595,Production
Shan,Coffee,2022-23,26681,16360,0,Sown
Shan,Coffee,2022-23,16360,16360,0,Harvested
Shan,Coffee,2022-23,5098,5098,5098,Production
Shan,Sugarcane,2022-23,157583,157583,4353630,Sown
Shan,Sugarcane,2022-23,157583,157583,4353630,Harvested
Shan,Sugarcane,2022-23,4353630,4353630,4353630,Production
Shan,Toddy_Palm,2022-23,0,0,0,Sown
Shan,Toddy_Palm,2022-23,0,0,0,Harvested
Shan,Toddy_Palm,2022-23,0,0,0,Production
Shan,Potato,2022-23,50808,50808,339981,Sown
Shan,Potato,2022-23,50808,50808,339981,Harvested
Shan,Potato,2022-23,339981,339981,339981,Production
Shan,Plantain,2022-23,18133,17934,12495,Sown
Shan,Plantain,2022-23,17934,17934,12495,Harvested
Shan,Plantain,2022-23,12495,12495,12495,Production
Shan,Vegetables,2022-23,198538,198537,0,Sown
Shan,Vegetables,2022-23,198537,198537,0,Harvested
Shan,Vegetables,2022-23,0,0,0,Production
Shan,Fruits,2022-23,107149,81113,0,Sown
Shan,Fruits,2022-23,81113,81113,0,Harvested
Shan,Fruits,2022-23,0,0,0,Production
Shan,Tea,2023-24,206588,193096,0,Sown
Shan,Tea,2023-24,193096,193096,0,Harvested
Shan,Tea,2023-24,84123,84123,84123,Production
Shan,Coffee,2023-24,27806,17235,0,Sown
Shan,Coffee,2023-24,17235,17235,0,Harvested
Shan,Coffee,2023-24,5325,5325,5325,Production
Shan,Sugarcane,2023-24,171431,171431,4699624,Sown
Shan,Sugarcane,2023-24,171431,171431,4699624,Harvested
Shan,Sugarcane,2023-24,4699624,4699624,4699624,Production
Shan,Toddy_Palm,2023-24,0,0,0,Sown
Shan,Toddy_Palm,2023-24,0,0,0,Harvested
Shan,Toddy_Palm,2023-24,0,0,0,Production
Shan,Potato,2023-24,50912,50912,340125,Sown
Shan,Potato,2023-24,50912,50912,340125,Harvested
Shan,Potato,2023-24,340125,340125,340125,Production
Shan,Plantain,2023-24,18002,17808,12129,Sown
Shan,Plantain,2023-24,17808,17808,12129,Harvested
Shan,Plantain,2023-24,12129,12129,12129,Production
Shan,Vegetables,2023-24,198187,198187,0,Sown
Shan,Vegetables,2023-24,198187,198187,0,Harvested
Shan,Vegetables,2023-24,0,0,0,Production
Shan,Fruits,2023-24,112135,84329,0,Sown
Shan,Fruits,2023-24,84329,84329,0,Harvested
Shan,Fruits,2023-24,0,0,0,Production
Shan,Tea,2024-25,206708,194440,0,Sown
Shan,Tea,2024-25,194440,194440,0,Harvested
Shan,Tea,2024-25,82912,82912,82912,Production
Shan,Coffee,2024-25,29547,19752,0,Sown
Shan,Coffee,2024-25,19752,19752,0,Harvested
Shan,Coffee,2024-25,6100,6100,6100,Production
Shan,Sugarcane,2024-25,181636,181636,4853564,Sown
Shan,Sugarcane,2024-25,181636,181636,4853564,Harvested
Shan,Sugarcane,2024-25,4853564,4853564,4853564,Production
Shan,Toddy_Palm,2024-25,0,0,0,Sown
Shan,Toddy_Palm,2024-25,0,0,0,Harvested
Shan,Toddy_Palm,2024-25,0,0,0,Production
Shan,Potato,2024-25,51131,51131,342563,Sown
Shan,Potato,2024-25,51131,51131,342563,Harvested
Shan,Potato,2024-25,342563,342563,342563,Production
Shan,Plantain,2024-25,17947,17387,11756,Sown
Shan,Plantain,2024-25,17387,17387,11756,Harvested
Shan,Plantain,2024-25,11756,11756,11756,Production
Shan,Vegetables,2024-25,200098,199994,0,Sown
Shan,Vegetables,2024-25,199994,199994,0,Harvested
Shan,Vegetables,2024-25,0,0,0,Production
Shan,Fruits,2024-25,115228,84664,0,Sown
Shan,Fruits,2024-25,84664,84664,0,Harvested
Shan,Fruits,2024-25,0,0,0,Production
Ayeyawady,Coffee,2019-20,310,0,0,
Ayeyawady,Coffee,2020-21,310,0,0,
Ayeyawady,Coffee,2021-22,310,0,0,
Ayeyawady,Coffee,2022-23,310,0,128,
Ayeyawady,Coffee,2023-24,1163,0,104,
Ayeyawady,Coffee,2024-25,2159,0,0,
Ayeyawady,Fruits,2019-20,0,0,0,
Ayeyawady,Fruits,2020-21,0,0,0,
Ayeyawady,Fruits,2021-22,0,0,0,
Ayeyawady,Fruits,2022-23,0,0,0,
Ayeyawady,Fruits,2023-24,0,0,0,
Ayeyawady,Fruits,2024-25,0,0,0,
Ayeyawady,Plantain,2019-20,188732,188732,0,
Ayeyawady,Plantain,2020-21,190742,190707,0,
Ayeyawady,Plantain,2021-22,191155,191155,0,
Ayeyawady,Plantain,2022-23,193751,193751,0,
Ayeyawady,Plantain,2023-24,198099,198099,0,
Ayeyawady,Plantain,2024-25,244754,242576,0,
Ayeyawady,Potato,2019-20,60128,60119,80106,
Ayeyawady,Potato,2020-21,60130,60037,80152,
Ayeyawady,Potato,2021-22,60117,60107,80312,
Ayeyawady,Potato,2022-23,60117,57871,78572,
Ayeyawady,Potato,2023-24,59598,58182,78110,
Ayeyawady,Potato,2024-25,59600,57932,77683,
Ayeyawady,Sugarcane,2019-20,1291960,1291180,3051000,
Ayeyawady,Sugarcane,2020-21,1241960,1241458,3210000,
Ayeyawady,Sugarcane,2021-22,1221960,1221460,2868000,
Ayeyawady,Sugarcane,2022-23,1201978,1201368,2742000,
Ayeyawady,Sugarcane,2023-24,1201978,1201375,2816000,
Ayeyawady,Sugarcane,2024-25,11968,6796,0,
Ayeyawady,Tea,2019-20,0,0,0,
Ayeyawady,Tea,2020-21,0,0,0,
Ayeyawady,Tea,2021-22,0,0,0,
Ayeyawady,Tea,2022-23,0,0,0,
Ayeyawady,Tea,2023-24,0,0,0,
Ayeyawady,Tea,2024-25,0,0,0,
Ayeyawady,Toddy_Palm,2019-20,0,0,5444,
Ayeyawady,Toddy_Palm,2020-21,0,0,6949,
Ayeyawady,Toddy_Palm,2021-22,0,0,6959,
Ayeyawady,Toddy_Palm,2022-23,0,0,6567,
Ayeyawady,Toddy_Palm,2023-24,0,0,6583,
Ayeyawady,Toddy_Palm,2024-25,0,0,0,
Ayeyawady,Vegetables,2019-20,223571,194935,0,
Ayeyawady,Vegetables,2020-21,223571,196032,0,
Ayeyawady,Vegetables,2021-22,223680,190864,0,
Ayeyawady,Vegetables,2022-23,223697,190764,0,
Ayeyawady,Vegetables,2023-24,223697,192248,0,
Ayeyawady,Vegetables,2024-25,223697,196014,0,
Sagaing,Tea,2019-20,0,0,0,
Sagaing,Tea,2020-21,0,0,0,
Sagaing,Tea,2021-22,0,0,0,
Sagaing,Tea,2022-23,0,0,0,
Sagaing,Tea,2023-24,0,0,0,
Sagaing,Tea,2024-25,0,0,0,
Sagaing,Coffee,2019-20,0,0,0,
Sagaing,Coffee,2020-21,0,0,0,
Sagaing,Coffee,2021-22,0,0,0,
Sagaing,Coffee,2022-23,0,0,0,
Sagaing,Coffee,2023-24,0,0,0,
Sagaing,Coffee,2024-25,0,0,0,
Sagaing,Sugarcane,2019-20,80000,80000,2000000,
Sagaing,Sugarcane,2020-21,82000,82000,2050000,
Sagaing,Sugarcane,2021-22,81000,81000,2020000,
Sagaing,Sugarcane,2022-23,83000,83000,2080000,
Sagaing,Sugarcane,2023-24,85000,85000,2120000,
Sagaing,Sugarcane,2024-25,86000,86000,2150000,
Sagaing,Toddy_Palm,2019-20,0,0,0,
Sagaing,Toddy_Palm,2020-21,0,0,0,
Sagaing,Toddy_Palm,2021-22,0,0,0,
Sagaing,Toddy_Palm,2022-23,0,0,0,
Sagaing,Toddy_Palm,2023-24,0,0,0,
Sagaing,Toddy_Palm,2024-25,0,0,0,
Sagaing,Potato,2019-20,5000,5000,35000,
Sagaing,Potato,2020-21,5100,5100,35700,
Sagaing,Potato,2021-22,5050,5050,35350,
Sagaing,Potato,2022-23,5150,5150,36050,
Sagaing,Potato,2023-24,5200,5200,36400,
Sagaing,Potato,2024-25,5250,5250,36750,
Sagaing,Plantain,2019-20,10000,10000,15000,
Sagaing,Plantain,2020-21,10200,10200,15300,
Sagaing,Plantain,2021-22,10100,10100,15150,
Sagaing,Plantain,2022-23,10300,10300,15450,
Sagaing,Plantain,2023-24,10400,10400,15600,
Sagaing,Plantain,2024-25,10500,10500,15750,
Sagaing,Vegetables,2019-20,120000,120000,0,
Sagaing,Vegetables,2020-21,122000,122000,0,
Sagaing,Vegetables,2021-22,121000,121000,0,
Sagaing,Vegetables,2022-23,123000,123000,0,
Sagaing,Vegetables,2023-24,124000,124000,0,
Sagaing,Vegetables,2024-25,125000,125000,0,
Sagaing,Fruits,2019-20,45000,45000,0,
Sagaing,Fruits,2020-21,46000,46000,0,
Sagaing,Fruits,2021-22,45500,45500,0,
Sagaing,Fruits,2022-23,46500,46500,0,
Sagaing,Fruits,2023-24,47000,47000,0,
Sagaing,Fruits,2024-25,47500,47500,0,
Magway,Tea,2019-20,0,0,0,
Magway,Tea,2020-21,0,0,0,
Magway,Tea,2021-22,0,0,0,
Magway,Tea,2022-23,0,0,0,
Magway,Tea,2023-24,0,0,0,
Magway,Tea,2024-25,0,0,0,
Magway,Coffee,2019-20,0,0,0,
Magway,Coffee,2020-21,0,0,0,
Magway,Coffee,2021-22,0,0,0,
Magway,Coffee,2022-23,0,0,0,
Magway,Coffee,2023-24,0,0,0,
Magway,Coffee,2024-25,0,0,0,
Magway,Sugarcane,2019-20,60000,60000,1500000,
Magway,Sugarcane,2020-21,61000,61000,1520000,
Magway,Sugarcane,2021-22,60500,60500,1510000,
Magway,Sugarcane,2022-23,61500,61500,1535000,
Magway,Sugarcane,2023-24,62000,62000,1550000,
Magway,Sugarcane,2024-25,62500,62500,1560000,
Magway,Toddy_Palm,2019-20,0,0,0,
Magway,Toddy_Palm,2020-21,0,0,0,
Magway,Toddy_Palm,2021-22,0,0,0,
Magway,Toddy_Palm,2022-23,0,0,0,
Magway,Toddy_Palm,2023-24,0,0,0,
Magway,Toddy_Palm,2024-25,0,0,0,
Magway,Potato,2019-20,3000,3000,21000,
Magway,Potato,2020-21,3100,3100,21700,
Magway,Potato,2021-22,3050,3050,21350,
Magway,Potato,2022-23,3150,3150,22050,
Magway,Potato,2023-24,3200,3200,22400,
Magway,Potato,2024-25,3250,3250,22750,
Magway,Plantain,2019-20,8000,8000,12000,
Magway,Plantain,2020-21,8200,8200,12300,
Magway,Plantain,2021-22,8100,8100,12150,
Magway,Plantain,2022-23,8300,8300,12450,
Magway,Plantain,2023-24,8400,8400,12600,
Magway,Plantain,2024-25,8500,8500,12750,
Magway,Vegetables,2019-20,100000,100000,0,
Magway,Vegetables,2020-21,102000,102000,0,
Magway,Vegetables,2021-22,101000,101000,0,
Magway,Vegetables,2022-23,103000,103000,0,
Magway,Vegetables,2023-24,104000,104000,0,
Magway,Vegetables,2024-25,105000,105000,0,
Magway,Fruits,2019-20,35000,35000,0,
Magway,Fruits,2020-21,36000,36000,0,
Magway,Fruits,2021-22,35500,35500,0,
Magway,Fruits,2022-23,36500,36500,0,
Magway,Fruits,2023-24,37000,37000,0,
Magway,Fruits,2024-25,37500,37500,0,
Yangon,Tea,2019-20,0,0,0,
Yangon,Tea,2020-21,0,0,0,
Yangon,Tea,2021-22,0,0,0,
Yangon,Tea,2022-23,0,0,0,
Yangon,Tea,2023-24,0,0,0,
Yangon,Tea,2024-25,0,0,0,
Yangon,Coffee,2019-20,0,0,0,
Yangon,Coffee,2020-21,0,0,0,
Yangon,Coffee,2021-22,0,0,0,
Yangon,Coffee,2022-23,0,0,0,
Yangon,Coffee,2023-24,0,0,0,
Yangon,Coffee,2024-25,0,0,0,
Yangon,Sugarcane,2019-20,0,0,0,
Yangon,Sugarcane,2020-21,0,0,0,
Yangon,Sugarcane,2021-22,0,0,0,
Yangon,Sugarcane,2022-23,0,0,0,
Yangon,Sugarcane,2023-24,0,0,0,
Yangon,Sugarcane,2024-25,0,0,0,
Yangon,Toddy_Palm,2019-20,0,0,0,
Yangon,Toddy_Palm,2020-21,0,0,0,
Yangon,Toddy_Palm,2021-22,0,0,0,
Yangon,Toddy_Palm,2022-23,0,0,0,
Yangon,Toddy_Palm,2023-24,0,0,0,
Yangon,Toddy_Palm,2024-25,0,0,0,
Yangon,Potato,2019-20,0,0,0,
Yangon,Potato,2020-21,0,0,0,
Yangon,Potato,2021-22,0,0,0,
Yangon,Potato,2022-23,0,0,0,
Yangon,Potato,2023-24,0,0,0,
Yangon,Potato,2024-25,0,0,0,
Yangon,Plantain,2019-20,15000,15000,20000,
Yangon,Plantain,2020-21,15200,15200,20300,
Yangon,Plantain,2021-22,15100,15100,20150,
Yangon,Plantain,2022-23,15300,15300,20450,
Yangon,Plantain,2023-24,15400,15400,20600,
Yangon,Plantain,2024-25,15500,15500,20750,
Yangon,Vegetables,2019-20,150000,150000,0,
Yangon,Vegetables,2020-21,152000,152000,0,
Yangon,Vegetables,2021-22,151000,151000,0,
Yangon,Vegetables,2022-23,153000,153000,0,
Yangon,Vegetables,2023-24,154000,154000,0,
Yangon,Vegetables,2024-25,155000,155000,0,
Yangon,Fruits,2019-20,55000,55000,0,
Yangon,Fruits,2020-21,56000,56000,0,
Yangon,Fruits,2021-22,55500,55500,0,
Yangon,Fruits,2022-23,56500,56500,0,
Yangon,Fruits,2023-24,57000,57000,0,
Yangon,Fruits,2024-25,57500,57500,0,
Kachin,Tea,2019-20,15000,14000,7000,
Kachin,Tea,2020-21,15200,14200,7100,
Kachin,Tea,2021-22,15100,14100,7050,
Kachin,Tea,2022-23,15300,14300,7150,
Kachin,Tea,2023-24,15400,14400,7200,
Kachin,Tea,2024-25,15500,14500,7250,
Kachin,Coffee,2019-20,2000,1500,500,
Kachin,Coffee,2020-21,2100,1550,520,
Kachin,Coffee,2021-22,2050,1520,510,
Kachin,Coffee,2022-23,2150,1580,530,
Kachin,Coffee,2023-24,2200,1600,540,
Kachin,Coffee,2024-25,2250,1620,550,
Kachin,Sugarcane,2019-20,30000,30000,800000,
Kachin,Sugarcane,2020-21,31000,31000,820000,
Kachin,Sugarcane,2021-22,30500,30500,810000,
Kachin,Sugarcane,2022-23,31500,31500,830000,
Kachin,Sugarcane,2023-24,32000,32000,850000,
Kachin,Sugarcane,2024-25,32500,32500,860000,
Kachin,Toddy_Palm,2019-20,0,0,0,
Kachin,Toddy_Palm,2020-21,0,0,0,
Kachin,Toddy_Palm,2021-22,0,0,0,
Kachin,Toddy_Palm,2022-23,0,0,0,
Kachin,Toddy_Palm,2023-24,0,0,0,
Kachin,Toddy_Palm,2024-25,0,0,0,
Kachin,Potato,2019-20,8000,8000,50000,
Kachin,Potato,2020-21,8200,8200,51500,
Kachin,Potato,2021-22,8100,8100,50750,
Kachin,Potato,2022-23,8300,8300,52250,
Kachin,Potato,2023-24,8400,8400,53000,
Kachin,Potato,2024-25,8500,8500,53750,
Kachin,Plantain,2019-20,5000,5000,7000,
Kachin,Plantain,2020-21,5100,5100,7150,
Kachin,Plantain,2021-22,5050,5050,7075,
Kachin,Plantain,2022-23,5150,5150,7225,
Kachin,Plantain,2023-24,5200,5200,7300,
Kachin,Plantain,2024-25,5250,5250,7375,
Kachin,Vegetables,2019-20,60000,60000,0,
Kachin,Vegetables,2020-21,61000,61000,0,
Kachin,Vegetables,2021-22,60500,60500,0,
Kachin,Vegetables,2022-23,61500,61500,0,
Kachin,Vegetables,2023-24,62000,62000,0,
Kachin,Vegetables,2024-25,62500,62500,0,
Kachin,Fruits,2019-20,20000,15000,0,
Kachin,Fruits,2020-21,20500,15500,0,
Kachin,Fruits,2021-22,20250,15250,0,
Kachin,Fruits,2022-23,20750,15750,0,
Kachin,Fruits,2023-24,21000,16000,0,
Kachin,Fruits,2024-25,21250,16250,0,
Tanintharyi,Tea,2019-20,0,0,0,
Tanintharyi,Tea,2020-21,0,0,0,
Tanintharyi,Tea,2021-22,0,0,0,
Tanintharyi,Tea,2022-23,0,0,0,
Tanintharyi,Tea,2023-24,0,0,0,
Tanintharyi,Tea,2024-25,0,0,0,
Tanintharyi,Coffee,2019-20,0,0,0,
Tanintharyi,Coffee,2020-21,0,0,0,
Tanintharyi,Coffee,2021-22,0,0,0,
Tanintharyi,Coffee,2022-23,0,0,0,
Tanintharyi,Coffee,2023-24,0,0,0,
Tanintharyi,Coffee,2024-25,0,0,0,
Tanintharyi,Sugarcane,2019-20,0,0,0,
Tanintharyi,Sugarcane,2020-21,0,0,0,
Tanintharyi,Sugarcane,2021-22,0,0,0,
Tanintharyi,Sugarcane,2022-23,0,0,0,
Tanintharyi,Sugarcane,2023-24,0,0,0,
Tanintharyi,Sugarcane,2024-25,0,0,0,
Tanintharyi,Toddy_Palm,2019-20,0,0,0,
Tanintharyi,Toddy_Palm,2020-21,0,0,0,
Tanintharyi,Toddy_Palm,2021-22,0,0,0,
Tanintharyi,Toddy_Palm,2022-23,0,0,0,
Tanintharyi,Toddy_Palm,2023-24,0,0,0,
Tanintharyi,Toddy_Palm,2024-25,0,0,0,
Tanintharyi,Potato,2019-20,0,0,0,
Tanintharyi,Potato,2020-21,0,0,0,
Tanintharyi,Potato,2021-22,0,0,0,
Tanintharyi,Potato,2022-23,0,0,0,
Tanintharyi,Potato,2023-24,0,0,0,
Tanintharyi,Potato,2024-25,0,0,0,
Tanintharyi,Plantain,2019-20,12000,12000,18000,
Tanintharyi,Plantain,2020-21,12200,12200,18300,
Tanintharyi,Plantain,2021-22,12100,12100,18150,
Tanintharyi,Plantain,2022-23,12300,12300,18450,
Tanintharyi,Plantain,2023-24,12400,12400,18600,
Tanintharyi,Plantain,2024-25,12500,12500,18750,
Tanintharyi,Vegetables,2019-20,80000,80000,0,
Tanintharyi,Vegetables,2020-21,82000,82000,0,
Tanintharyi,Vegetables,2021-22,81000,81000,0,
Tanintharyi,Vegetables,2022-23,83000,83000,0,
Tanintharyi,Vegetables,2023-24,84000,84000,0,
Tanintharyi,Vegetables,2024-25,85000,85000,0,
Tanintharyi,Fruits,2019-20,30000,30000,0,
Tanintharyi,Fruits,2020-21,31000,31000,0,
Tanintharyi,Fruits,2021-22,30500,30500,0,
Tanintharyi,Fruits,2022-23,31500,31500,0,
Tanintharyi,Fruits,2023-24,32000,32000,0,
Tanintharyi,Fruits,2024-25,32500,32500,0,
Rakhine,Tea,2019-20,0,0,0,
Rakhine,Tea,2020-21,0,0,0,
Rakhine,Tea,2021-22,0,0,0,
Rakhine,Tea,2022-23,0,0,0,
Rakhine,Tea,2023-24,0,0,0,
Rakhine,Tea,2024-25,0,0,0,
Rakhine,Coffee,2019-20,0,0,0,
Rakhine,Coffee,2020-21,0,0,0,
Rakhine,Coffee,2021-22,0,0,0,
Rakhine,Coffee,2022-23,0,0,0,
Rakhine,Coffee,2023-24,0,0,0,
Rakhine,Coffee,2024-25,0,0,0,
Rakhine,Sugarcane,2019-20,0,0,0,
Rakhine,Sugarcane,2020-21,0,0,0,
Rakhine,Sugarcane,2021-22,0,0,0,
Rakhine,Sugarcane,2022-23,0,0,0,
Rakhine,Sugarcane,2023-24,0,0,0,
Rakhine,Sugarcane,2024-25,0,0,0,
Rakhine,Toddy_Palm,2019-20,0,0,0,
Rakhine,Toddy_Palm,2020-21,0,0,0,
Rakhine,Toddy_Palm,2021-22,0,0,0,
Rakhine,Toddy_Palm,2022-23,0,0,0,
Rakhine,Toddy_Palm,2023-24,0,0,0,
Rakhine,Toddy_Palm,2024-25,0,0,0,
Rakhine,Potato,2019-20,0,0,0,
Rakhine,Potato,2020-21,0,0,0,
Rakhine,Potato,2021-22,0,0,0,
Rakhine,Potato,2022-23,0,0,0,
Rakhine,Potato,2023-24,0,0,0,
Rakhine,Potato,2024-25,0,0,0,
Rakhine,Plantain,2019-20,10000,10000,15000,
Rakhine,Plantain,2020-21,10200,10200,15300,
Rakhine,Plantain,2021-22,10100,10100,15150,
Rakhine,Plantain,2022-23,10300,10300,15450,
Rakhine,Plantain,2023-24,10400,10400,15600,
Rakhine,Plantain,2024-25,10500,10500,15750,
Rakhine,Vegetables,2019-20,70000,70000,0,
Rakhine,Vegetables,2020-21,72000,72000,0,
Rakhine,Vegetables,2021-22,71000,71000,0,
Rakhine,Vegetables,2022-23,73000,73000,0,
Rakhine,Vegetables,2023-24,74000,74000,0,
Rakhine,Vegetables,2024-25,75000,75000,0,
Rakhine,Fruits,2019-20,25000,25000,0,
Rakhine,Fruits,2020-21,26000,26000,0,
Rakhine,Fruits,2021-22,25500,25500,0,
Rakhine,Fruits,2022-23,26500,26500,0,
Rakhine,Fruits,2023-24,27000,27000,0,
Rakhine,Fruits,2024-25,27500,27500,0,
Mon,Tea,2019-20,0,0,0,
Mon,Tea,2020-21,0,0,0,
Mon,Tea,2021-22,0,0,0,
Mon,Tea,2022-23,0,0,0,
Mon,Tea,2023-24,0,0,0,
Mon,Tea,2024-25,0,0,0,
Mon,Coffee,2019-20,0,0,0,
Mon,Coffee,2020-21,0,0,0,
Mon,Coffee,2021-22,0,0,0,
Mon,Coffee,2022-23,0,0,0,
Mon,Coffee,2023-24,0,0,0,
Mon,Coffee,2024-25,0,0,0,
Mon,Sugarcane,2019-20,0,0,0,
Mon,Sugarcane,2020-21,0,0,0,
Mon,Sugarcane,2021-22,0,0,0,
Mon,Sugarcane,2022-23,0,0,0,
Mon,Sugarcane,2023-24,0,0,0,
Mon,Sugarcane,2024-25,0,0,0,
Mon,Toddy_Palm,2019-20,0,0,0,
Mon,Toddy_Palm,2020-21,0,0,0,
Mon,Toddy_Palm,2021-22,0,0,0,
Mon,Toddy_Palm,2022-23,0,0,0,
Mon,Toddy_Palm,2023-24,0,0,0,
Mon,Toddy_Palm,2024-25,0,0,0,
Mon,Potato,2019-20,0,0,0,
Mon,Potato,2020-21,0,0,0,
Mon,Potato,2021-22,0,0,0,
Mon,Potato,2022-23,0,0,0,
Mon,Potato,2023-24,0,0,0,
Mon,Potato,2024-25,0,0,0,
Mon,Plantain,2019-20,14000,14000,20000,
Mon,Plantain,2020-21,14200,14200,20300,
Mon,Plantain,2021-22,14100,14100,20150,
Mon,Plantain,2022-23,14300,14300,20450,
Mon,Plantain,2023-24,14400,14400,20600,
Mon,Plantain,2024-25,14500,14500,20750,
Mon,Vegetables,2019-20,90000,90000,0,
Mon,Vegetables,2020-21,92000,92000,0,
Mon,Vegetables,2021-22,91000,91000,0,
Mon,Vegetables,2022-23,93000,93000,0,
Mon,Vegetables,2023-24,94000,94000,0,
Mon,Vegetables,2024-25,95000,95000,0,
Mon,Fruits,2019-20,35000,35000,0,
Mon,Fruits,2020-21,36000,36000,0,
Mon,Fruits,2021-22,35500,35500,0,
Mon,Fruits,2022-23,36500,36500,0,
Mon,Fruits,2023-24,37000,37000,0,
Mon,Fruits,2024-25,37500,37500,0,
Kayin,Tea,2019-20,0,0,0,
Kayin,Tea,2020-21,0,0,0,
Kayin,Tea,2021-22,0,0,0,
Kayin,Tea,2022-23,0,0,0,
Kayin,Tea,2023-24,0,0,0,
Kayin,Tea,2024-25,0,0,0,
Kayin,Coffee,2019-20,0,0,0,
Kayin,Coffee,2020-21,0,0,0,
Kayin,Coffee,2021-22,0,0,0,
Kayin,Coffee,2022-23,0,0,0,
Kayin,Coffee,2023-24,0,0,0,
Kayin,Coffee,2024-25,0,0,0,
Kayin,Sugarcane,2019-20,0,0,0,
Kayin,Sugarcane,2020-21,0,0,0,
Kayin,Sugarcane,2021-22,0,0,0,
Kayin,Sugarcane,2022-23,0,0,0,
Kayin,Sugarcane,2023-24,0,0,0,
Kayin,Sugarcane,2024-25,0,0,0,
Kayin,Toddy_Palm,2019-20,0,0,0,
Kayin,Toddy_Palm,2020-21,0,0,0,
Kayin,Toddy_Palm,2021-22,0,0,0,
Kayin,Toddy_Palm,2022-23,0,0,0,
Kayin,Toddy_Palm,2023-24,0,0,0,
Kayin,Toddy_Palm,2024-25,0,0,0,
Kayin,Potato,2019-20,0,0,0,
Kayin,Potato,2020-21,0,0,0,
Kayin,Potato,2021-22,0,0,0,
Kayin,Potato,2022-23,0,0,0,
Kayin,Potato,2023-24,0,0,0,
Kayin,Potato,2024-25,0,0,0,
Kayin,Plantain,2019-20,8000,8000,12000,
Kayin,Plantain,2020-21,8200,8200,12300,
Kayin,Plantain,2021-22,8100,8100,12150,
Kayin,Plantain,2022-23,8300,8300,12450,
Kayin,Plantain,2023-24,8400,8400,12600,
Kayin,Plantain,2024-25,8500,8500,12750,
Kayin,Vegetables,2019-20,60000,60000,0,
Kayin,Vegetables,2020-21,62000,62000,0,
Kayin,Vegetables,2021-22,61000,61000,0,
Kayin,Vegetables,2022-23,63000,63000,0,
Kayin,Vegetables,2023-24,64000,64000,0,
Kayin,Vegetables,2024-25,65000,65000,0,
Kayin,Fruits,2019-20,20000,20000,0,
Kayin,Fruits,2020-21,21000,21000,0,
Kayin,Fruits,2021-22,20500,20500,0,
Kayin,Fruits,2022-23,21500,21500,0,
Kayin,Fruits,2023-24,22000,22000,0,
Kayin,Fruits,2024-25,22500,22500,0,
Kayah,Tea,2019-20,0,0,0,
Kayah,Tea,2020-21,0,0,0,
Kayah,Tea,2021-22,0,0,0,
Kayah,Tea,2022-23,0,0,0,
Kayah,Tea,2023-24,0,0,0,
Kayah,Tea,2024-25,0,0,0,
Kayah,Coffee,2019-20,0,0,0,
Kayah,Coffee,2020-21,0,0,0,
Kayah,Coffee,2021-22,0,0,0,
Kayah,Coffee,2022-23,0,0,0,
Kayah,Coffee,2023-24,0,0,0,
Kayah,Coffee,2024-25,0,0,0,
Kayah,Sugarcane,2019-20,0,0,0,
Kayah,Sugarcane,2020-21,0,0,0,
Kayah,Sugarcane,2021-22,0,0,0,
Kayah,Sugarcane,2022-23,0,0,0,
Kayah,Sugarcane,2023-24,0,0,0,
Kayah,Sugarcane,2024-25,0,0,0,
Kayah,Toddy_Palm,2019-20,0,0,0,
Kayah,Toddy_Palm,2020-21,0,0,0,
Kayah,Toddy_Palm,2021-22,0,0,0,
Kayah,Toddy_Palm,2022-23,0,0,0,
Kayah,Toddy_Palm,2023-24,0,0,0,
Kayah,Toddy_Palm,2024-25,0,0,0,
Kayah,Potato,2019-20,0,0,0,
Kayah,Potato,2020-21,0,0,0,
Kayah,Potato,2021-22,0,0,0,
Kayah,Potato,2022-23,0,0,0,
Kayah,Potato,2023-24,0,0,0,
Kayah,Potato,2024-25,0,0,0,
Kayah,Plantain,2019-20,3000,3000,5000,
Kayah,Plantain,2020-21,3200,3200,5300,
Kayah,Plantain,2021-22,3100,3100,5150,
Kayah,Plantain,2022-23,3300,3300,5450,
Kayah,Plantain,2023-24,3400,3400,5600,
Kayah,Plantain,2024-25,3500,3500,5750,
Kayah,Vegetables,2019-20,30000,30000,0,
Kayah,Vegetables,2020-21,32000,32000,0,
Kayah,Vegetables,2021-22,31000,31000,0,
Kayah,Vegetables,2022-23,33000,33000,0,
Kayah,Vegetables,2023-24,34000,34000,0,
Kayah,Vegetables,2024-25,35000,35000,0,
Kayah,Fruits,2019-20,10000,10000,0,
Kayah,Fruits,2020-21,11000,11000,0,
Kayah,Fruits,2021-22,10500,10500,0,
Kayah,Fruits,2022-23,11500,11500,0,
Kayah,Fruits,2023-24,12000,12000,0,
Kayah,Fruits,2024-25,12500,12500,0,
Chin,Tea,2019-20,0,0,0,
Chin,Tea,2020-21,0,0,0,
Chin,Tea,2021-22,0,0,0,
Chin,Tea,2022-23,0,0,0,
Chin,Tea,2023-24,0,0,0,
Chin,Tea,2024-25,0,0,0,
Chin,Coffee,2019-20,0,0,0,
Chin,Coffee,2020-21,0,0,0,
Chin,Coffee,2021-22,0,0,0,
Chin,Coffee,2022-23,0,0,0,
Chin,Coffee,2023-24,0,0,0,
Chin,Coffee,2024-25,0,0,0,
Chin,Sugarcane,2019-20,0,0,0,
Chin,Sugarcane,2020-21,0,0,0,
Chin,Sugarcane,2021-22,0,0,0,
Chin,Sugarcane,2022-23,0,0,0,
Chin,Sugarcane,2023-24,0,0,0,
Chin,Sugarcane,2024-25,0,0,0,
Chin,Toddy_Palm,2019-20,0,0,0,
Chin,Toddy_Palm,2020-21,0,0,0,
Chin,Toddy_Palm,2021-22,0,0,0,
Chin,Toddy_Palm,2022-23,0,0,0,
Chin,Toddy_Palm,2023-24,0,0,0,
Chin,Toddy_Palm,2024-25,0,0,0,
Chin,Potato,2019-20,0,0,0,
Chin,Potato,2020-21,0,0,0,
Chin,Potato,2021-22,0,0,0,
Chin,Potato,2022-23,0,0,0,
Chin,Potato,2023-24,0,0,0,
Chin,Potato,2024-25,0,0,0,
Chin,Plantain,2019-20,2000,2000,3000,
Chin,Plantain,2020-21,2200,2200,3300,
Chin,Plantain,2021-22,2100,2100,3150,
Chin,Plantain,2022-23,2300,2300,3450,
Chin,Plantain,2023-24,2400,2400,3600,
Chin,Plantain,2024-25,2500,2500,3750,
Chin,Vegetables,2019-20,20000,20000,0,
Chin,Vegetables,2020-21,22000,22000,0,
Chin,Vegetables,2021-22,21000,21000,0,
Chin,Vegetables,2022-23,23000,23000,0,
Chin,Vegetables,2023-24,24000,24000,0,
Chin,Vegetables,2024-25,25000,25000,0,
Chin,Fruits,2019-20,5000,5000,0,
Chin,Fruits,2020-21,6000,6000,0,
Chin,Fruits,2021-22,5500,5500,0,
Chin,Fruits,2022-23,6500,6500,0,
Chin,Fruits,2023-24,7000,7000,0,
Chin,Fruits,2024-25,7500,7500,0,
